21 Jul 2021 - 19:27:18,Windows 10 Pro;Int IP: 192.168.134.128;Ping: 20ms;CPU: Disabled;GPU: Disabled;CPU: 8% used;RAM: 72% used;Upload: 814 Bytes;Download: 548 Bytes
21 Jul 2021 - 19:27:19,Windows 10 Pro;Int IP: 192.168.134.128;Ping: 19ms;CPU: Disabled;GPU: Disabled;CPU: 11% used;RAM: 72% used;Upload: 983 Bytes;Download: 671 Bytes
21 Jul 2021 - 19:27:20,Windows 10 Pro;Int IP: 192.168.134.128;Ping: 20ms;CPU: Disabled;GPU: Disabled;CPU: 28% used;RAM: 72% used;Upload: 3.33 KB;Download: 6.73 KB
21 Jul 2021 - 19:27:21,Windows 10 Pro;Int IP: 192.168.134.128;Ping: 20ms;CPU: Disabled;GPU: Disabled;CPU: 13% used;RAM: 72% used;Upload: 4.92 KB;Download: 2.06 KB
21 Jul 2021 - 19:27:22,Windows 10 Pro;Int IP: 192.168.134.128;Ping: 21ms;CPU: Disabled;GPU: Disabled;CPU: 8% used;RAM: 72% used;Upload: 1.55 KB;Download: 1015 Bytes
21 Jul 2021 - 19:27:23,Windows 10 Pro;Int IP: 192.168.134.128;Ping: 20ms;CPU: Disabled;GPU: Disabled;CPU: 12% used;RAM: 72% used;Upload: 1.69 KB;Download: 1.13 KB
21 Jul 2021 - 19:27:24,Windows 10 Pro;Int IP: 192.168.134.128;Ping: 21ms;CPU: Disabled;GPU: Disabled;CPU: 8% used;RAM: 72% used;Upload: 10.60 KB;Download: 514.53 KB
21 Jul 2021 - 19:27:25,Windows 10 Pro;Int IP: 192.168.134.128;Ping: 20ms;CPU: Disabled;GPU: Disabled;CPU: 8% used;RAM: 72% used;Upload: 1.53 KB;Download: 969 Bytes
21 Jul 2021 - 19:27:26,Windows 10 Pro;Int IP: 192.168.134.128;Ping: 21ms;CPU: Disabled;GPU: Disabled;CPU: 12% used;RAM: 72% used;Upload: 14.49 KB;Download: 2.77 KB
21 Jul 2021 - 19:27:27,Windows 10 Pro;Int IP: 192.168.134.128;Ping: 20ms;CPU: Disabled;GPU: Disabled;CPU: 15% used;RAM: 72% used;Upload: 1.58 KB;Download: 1.01 KB
21 Jul 2021 - 19:27:28,Windows 10 Pro;Int IP: 192.168.134.128;Ping: 21ms;CPU: Disabled;GPU: Disabled;CPU: 9% used;RAM: 72% used;Upload: 1.51 KB;Download: 958 Bytes
21 Jul 2021 - 19:27:29,Windows 10 Pro;Int IP: 192.168.134.128;Ping: 21ms;CPU: Disabled;GPU: Disabled;CPU: 15% used;RAM: 73% used;Upload: 2.45 KB;Download: 5.70 KB
21 Jul 2021 - 19:27:30,Windows 10 Pro;Int IP: 192.168.134.128;Ping: 20ms;CPU: Disabled;GPU: Disabled;CPU: 15% used;RAM: 72% used;Upload: 2.11 KB;Download: 2.18 KB
21 Jul 2021 - 19:27:31,Windows 10 Pro;Int IP: 192.168.134.128;Ping: 21ms;CPU: Disabled;GPU: Disabled;CPU: 22% used;RAM: 73% used;Upload: 1.51 KB;Download: 975 Bytes
21 Jul 2021 - 19:27:32,Windows 10 Pro;Int IP: 192.168.134.128;Ping: 20ms;CPU: Disabled;GPU: Disabled;CPU: 22% used;RAM: 72% used;Upload: 2.42 KB;Download: 1.62 KB
21 Jul 2021 - 19:27:33,Windows 10 Pro;Int IP: 192.168.134.128;Ping: 21ms;CPU: Disabled;GPU: Disabled;CPU: 31% used;RAM: 73% used;Upload: 2.27 KB;Download: 1.50 KB
21 Jul 2021 - 19:27:34,Windows 10 Pro;Int IP: 192.168.134.128;Ping: 20ms;CPU: Disabled;GPU: Disabled;CPU: 45% used;RAM: 73% used;Upload: 1.58 KB;Download: 1.01 KB
21 Jul 2021 - 19:27:35,Windows 10 Pro;Int IP: 192.168.134.128;Ping: 21ms;CPU: Disabled;GPU: Disabled;CPU: 32% used;RAM: 73% used;Upload: 1.47 KB;Download: 902 Bytes
21 Jul 2021 - 19:27:36,Windows 10 Pro;Int IP: 192.168.134.128;Ping: 20ms;CPU: Disabled;GPU: Disabled;CPU: 17% used;RAM: 73% used;Upload: 1.52 KB;Download: 978 Bytes
21 Jul 2021 - 19:27:37,Windows 10 Pro;Int IP: 192.168.134.128;Ping: 21ms;CPU: Disabled;GPU: Disabled;CPU: 11% used;RAM: 73% used;Upload: 1.54 KB;Download: 973 Bytes
21 Jul 2021 - 19:27:38,Windows 10 Pro;Int IP: 192.168.134.128;Ping: 23ms;CPU: Disabled;GPU: Disabled;CPU: 13% used;RAM: 73% used;Upload: 1.47 KB;Download: 902 Bytes
21 Jul 2021 - 19:27:40,Windows 10 Pro;Int IP: 192.168.134.128;Ping: 293ms;CPU: Disabled;GPU: Disabled;CPU: 6% used;RAM: 73% used;Upload: 1.45 KB;Download: 887 Bytes
21 Jul 2021 - 19:27:40,Windows 10 Pro;Int IP: 192.168.134.128;Ping: 21ms;CPU: Disabled;GPU: Disabled;CPU: 6% used;RAM: 73% used;Upload: 6.59 KB;Download: 330.09 KB
21 Jul 2021 - 19:27:41,Windows 10 Pro;Int IP: 192.168.134.128;Ping: 22ms;CPU: Disabled;GPU: Disabled;CPU: 7% used;RAM: 73% used;Upload: 1.81 KB;Download: 1.98 KB
21 Jul 2021 - 19:27:42,Windows 10 Pro;Int IP: 192.168.134.128;Ping: 22ms;CPU: Disabled;GPU: Disabled;CPU: 7% used;RAM: 73% used;Upload: 4.30 KB;Download: 1.85 KB
21 Jul 2021 - 19:27:43,Windows 10 Pro;Int IP: 192.168.134.128;Ping: 22ms;CPU: Disabled;GPU: Disabled;CPU: 8% used;RAM: 73% used;Upload: 1.62 KB;Download: 1.06 KB
21 Jul 2021 - 19:27:44,Windows 10 Pro;Int IP: 192.168.134.128;Ping: 21ms;CPU: Disabled;GPU: Disabled;CPU: 6% used;RAM: 73% used;Upload: 1.52 KB;Download: 965 Bytes
21 Jul 2021 - 19:27:45,Windows 10 Pro;Int IP: 192.168.134.128;Ping: 21ms;CPU: Disabled;GPU: Disabled;CPU: 8% used;RAM: 73% used;Upload: 1.47 KB;Download: 905 Bytes
21 Jul 2021 - 19:27:46,Windows 10 Pro;Int IP: 192.168.134.128;Ping: 21ms;CPU: Disabled;GPU: Disabled;CPU: 11% used;RAM: 73% used;Upload: 2.16 KB;Download: 1.27 KB
21 Jul 2021 - 19:27:47,Windows 10 Pro;Int IP: 192.168.134.128;Ping: 21ms;CPU: Disabled;GPU: Disabled;CPU: 6% used;RAM: 73% used;Upload: 4.68 KB;Download: 121.21 KB
21 Jul 2021 - 19:27:48,Windows 10 Pro;Int IP: 192.168.134.128;Ping: 20ms;CPU: Disabled;GPU: Disabled;CPU: 12% used;RAM: 73% used;Upload: 21.49 KB;Download: 1.76 MB
21 Jul 2021 - 19:27:49,Windows 10 Pro;Int IP: 192.168.134.128;Ping: 23ms;CPU: Disabled;GPU: Disabled;CPU: 14% used;RAM: 73% used;Upload: 1.52 KB;Download: 967 Bytes
21 Jul 2021 - 19:27:50,Windows 10 Pro;Int IP: 192.168.134.128;Ping: 20ms;CPU: Disabled;GPU: Disabled;CPU: 13% used;RAM: 73% used;Upload: 2.36 KB;Download: 1.41 KB
22 Jul 2021 - 19:15:59;Windows 10 Pro;Int IP: 192.168.134.128;Ping: 26ms;CPU: Disabled;GPU: Disabled;CPU: ;RAM: 76% used;Upload: ;Download: 
22 Jul 2021 - 19:15:59;Windows 10 Pro;Int IP: 192.168.134.128;Ping: 26ms;CPU: Disabled;GPU: Disabled;CPU: ;RAM: 76% used;Upload: ;Download: 
22 Jul 2021 - 19:15:59;Windows 10 Pro;Int IP: 192.168.134.128;Ping: 26ms;CPU: Disabled;GPU: Disabled;CPU: ;RAM: 76% used;Upload: ;Download: 
22 Jul 2021 - 19:15:59;Windows 10 Pro;Int IP: 192.168.134.128;Ping: 26ms;CPU: Disabled;GPU: Disabled;CPU: ;RAM: 76% used;Upload: ;Download: 
22 Jul 2021 - 19:15:59;Windows 10 Pro;Int IP: 192.168.134.128;Ping: 26ms;CPU: Disabled;GPU: Disabled;CPU: ;RAM: 76% used;Upload: ;Download: 
22 Jul 2021 - 19:15:59;Windows 10 Pro;Int IP: 192.168.134.128;Ping: 26ms;CPU: Disabled;GPU: Disabled;CPU: ;RAM: 76% used;Upload: ;Download: 
22 Jul 2021 - 19:16:00;Windows 10 Pro;Int IP: 192.168.134.128;Ping: 25ms;CPU: Disabled;GPU: Disabled;CPU: 5% used;RAM: 77% used;Upload: ;Download: 
22 Jul 2021 - 19:16:01;Windows 10 Pro;Int IP: 192.168.134.128;Ping: 26ms;CPU: Disabled;GPU: Disabled;CPU: 12% used;RAM: 77% used;Upload: 21.88 KB;Download: 1.13 MB
22 Jul 2021 - 19:16:02;Windows 10 Pro;Int IP: 192.168.134.128;Ping: 26ms;CPU: Disabled;GPU: Disabled;CPU: 6% used;RAM: 77% used;Upload: 9.63 KB;Download: 453.83 KB
22 Jul 2021 - 19:16:03;Windows 10 Pro;Int IP: 192.168.134.128;Ping: 26ms;CPU: Disabled;GPU: Disabled;CPU: 11% used;RAM: 77% used;Upload: 3.94 KB;Download: 9.13 KB
22 Jul 2021 - 19:16:04;Windows 10 Pro;Int IP: 192.168.134.128;Ping: 27ms;CPU: Disabled;GPU: Disabled;CPU: 11% used;RAM: 77% used;Upload: 11.56 KB;Download: 366.26 KB
22 Jul 2021 - 19:16:05;Windows 10 Pro;Int IP: 192.168.134.128;Ping: 26ms;CPU: Disabled;GPU: Disabled;CPU: 8% used;RAM: 77% used;Upload: 3.68 KB;Download: 7.66 KB
22 Jul 2021 - 19:16:06;Windows 10 Pro;Int IP: 192.168.134.128;Ping: 26ms;CPU: Disabled;GPU: Disabled;CPU: 4% used;RAM: 77% used;Upload: 3.80 KB;Download: 7.86 KB
22 Jul 2021 - 19:16:07;Windows 10 Pro;Int IP: 192.168.134.128;Ping: 26ms;CPU: Disabled;GPU: Disabled;CPU: 7% used;RAM: 77% used;Upload: 3.84 KB;Download: 6.70 KB
22 Jul 2021 - 19:16:08;Windows 10 Pro;Int IP: 192.168.134.128;Ping: 26ms;CPU: Disabled;GPU: Disabled;CPU: 5% used;RAM: 77% used;Upload: 7.41 KB;Download: 352.92 KB
22 Jul 2021 - 19:16:09;Windows 10 Pro;Int IP: 192.168.134.128;Ping: 26ms;CPU: Disabled;GPU: Disabled;CPU: 4% used;RAM: 77% used;Upload: 5.23 KB;Download: 167.24 KB
22 Jul 2021 - 19:16:10;Windows 10 Pro;Int IP: 192.168.134.128;Ping: 25ms;CPU: Disabled;GPU: Disabled;CPU: 6% used;RAM: 77% used;Upload: 1.58 KB;Download: 5.68 KB
22 Jul 2021 - 19:16:11;Windows 10 Pro;Int IP: 192.168.134.128;Ping: 26ms;CPU: Disabled;GPU: Disabled;CPU: 11% used;RAM: 77% used;Upload: 1.70 KB;Download: 5.87 KB
22 Jul 2021 - 19:16:12;Windows 10 Pro;Int IP: 192.168.134.128;Ping: 28ms;CPU: Disabled;GPU: Disabled;CPU: 3% used;RAM: 76% used;Upload: 4.70 KB;Download: 84.57 KB
22 Jul 2021 - 19:16:13;Windows 10 Pro;Int IP: 192.168.134.128;Ping: 26ms;CPU: Disabled;GPU: Disabled;CPU: 6% used;RAM: 77% used;Upload: 1.30 KB;Download: 5.56 KB
22 Jul 2021 - 19:16:14;Windows 10 Pro;Int IP: 192.168.134.128;Ping: 26ms;CPU: Disabled;GPU: Disabled;CPU: 8% used;RAM: 76% used;Upload: 4.70 KB;Download: 331.29 KB
22 Jul 2021 - 19:16:15;Windows 10 Pro;Int IP: 192.168.134.128;Ping: 26ms;CPU: Disabled;GPU: Disabled;CPU: 9% used;RAM: 77% used;Upload: 2.10 KB;Download: 6.03 KB
22 Jul 2021 - 19:16:16;Windows 10 Pro;Int IP: 192.168.134.128;Ping: 25ms;CPU: Disabled;GPU: Disabled;CPU: 4% used;RAM: 76% used;Upload: 8.75 KB;Download: 484.24 KB
22 Jul 2021 - 19:16:17;Windows 10 Pro;Int IP: 192.168.134.128;Ping: 28ms;CPU: Disabled;GPU: Disabled;CPU: 4% used;RAM: 76% used;Upload: 5.77 KB;Download: 1.95 KB
22 Jul 2021 - 19:16:18;Windows 10 Pro;Int IP: 192.168.134.128;Ping: 26ms;CPU: Disabled;GPU: Disabled;CPU: 6% used;RAM: 77% used;Upload: 3.82 KB;Download: 84.16 KB
22 Jul 2021 - 19:16:19;Windows 10 Pro;Int IP: 192.168.134.128;Ping: 26ms;CPU: Disabled;GPU: Disabled;CPU: 3% used;RAM: 76% used;Upload: 5.73 KB;Download: 360.59 KB
22 Jul 2021 - 19:16:20;Windows 10 Pro;Int IP: 192.168.134.128;Ping: 25ms;CPU: Disabled;GPU: Disabled;CPU: 3% used;RAM: 76% used;Upload: 1.31 KB;Download: 1.14 KB
22 Jul 2021 - 19:16:21;Windows 10 Pro;Int IP: 192.168.134.128;Ping: 25ms;CPU: Disabled;GPU: Disabled;CPU: 6% used;RAM: 77% used;Upload: 1.62 KB;Download: 5.78 KB
22 Jul 2021 - 19:16:22;Windows 10 Pro;Int IP: 192.168.134.128;Ping: 25ms;CPU: Disabled;GPU: Disabled;CPU: 4% used;RAM: 76% used;Upload: 1.49 KB;Download: 5.71 KB
22 Jul 2021 - 19:16:23;Windows 10 Pro;Int IP: 192.168.134.128;Ping: 27ms;CPU: Disabled;GPU: Disabled;CPU: 4% used;RAM: 77% used;Upload: 2.81 KB;Download: 5.59 KB
22 Jul 2021 - 19:16:24;Windows 10 Pro;Int IP: 192.168.134.128;Ping: 26ms;CPU: Disabled;GPU: Disabled;CPU: 4% used;RAM: 77% used;Upload: 2.98 KB;Download: 86.22 KB
22 Jul 2021 - 19:16:25;Windows 10 Pro;Int IP: 192.168.134.128;Ping: 26ms;CPU: Disabled;GPU: Disabled;CPU: 9% used;RAM: 76% used;Upload: 9.59 KB;Download: 329.50 KB
22 Jul 2021 - 19:16:26;Windows 10 Pro;Int IP: 192.168.134.128;Ping: 27ms;CPU: Disabled;GPU: Disabled;CPU: 9% used;RAM: 77% used;Upload: 6.56 KB;Download: 413.13 KB
22 Jul 2021 - 19:16:27;Windows 10 Pro;Int IP: 192.168.134.128;Ping: 25ms;CPU: Disabled;GPU: Disabled;CPU: 3% used;RAM: 77% used;Upload: 1.67 KB;Download: 5.96 KB
22 Jul 2021 - 19:16:28;Windows 10 Pro;Int IP: 192.168.134.128;Ping: 26ms;CPU: Disabled;GPU: Disabled;CPU: 4% used;RAM: 76% used;Upload: 9.73 KB;Download: 581.85 KB
22 Jul 2021 - 19:16:29;Windows 10 Pro;Int IP: 192.168.134.128;Ping: 26ms;CPU: Disabled;GPU: Disabled;CPU: 5% used;RAM: 77% used;Upload: 3.01 KB;Download: 6.02 KB
22 Jul 2021 - 19:16:30;Windows 10 Pro;Int IP: 192.168.134.128;Ping: 26ms;CPU: Disabled;GPU: Disabled;CPU: 5% used;RAM: 77% used;Upload: 6.16 KB;Download: 346.06 KB
22 Jul 2021 - 19:16:31;Windows 10 Pro;Int IP: 192.168.134.128;Ping: 25ms;CPU: Disabled;GPU: Disabled;CPU: 6% used;RAM: 77% used;Upload: 2.90 KB;Download: 11.51 KB
22 Jul 2021 - 19:16:32;Windows 10 Pro;Int IP: 192.168.134.128;Ping: 25ms;CPU: Disabled;GPU: Disabled;CPU: 4% used;RAM: 77% used;Upload: 1.36 KB;Download: 6.14 KB
22 Jul 2021 - 19:16:33;Windows 10 Pro;Int IP: 192.168.134.128;Ping: 26ms;CPU: Disabled;GPU: Disabled;CPU: 5% used;RAM: 77% used;Upload: 1.29 KB;Download: 5.54 KB
22 Jul 2021 - 19:16:34;Windows 10 Pro;Int IP: 192.168.134.128;Ping: 25ms;CPU: Disabled;GPU: Disabled;CPU: 5% used;RAM: 77% used;Upload: 8.43 KB;Download: 353.07 KB
22 Jul 2021 - 19:16:35;Windows 10 Pro;Int IP: 192.168.134.128;Ping: 26ms;CPU: Disabled;GPU: Disabled;CPU: 3% used;RAM: 77% used;Upload: 1.51 KB;Download: 5.83 KB
22 Jul 2021 - 19:16:36;Windows 10 Pro;Int IP: 192.168.134.128;Ping: 46ms;CPU: Disabled;GPU: Disabled;CPU: 9% used;RAM: 77% used;Upload: 23.12 KB;Download: 1.70 MB
22 Jul 2021 - 19:16:37;Windows 10 Pro;Int IP: 192.168.134.128;Ping: 26ms;CPU: Disabled;GPU: Disabled;CPU: 6% used;RAM: 77% used;Upload: 4.78 KB;Download: 303.03 KB
22 Jul 2021 - 19:16:38;Windows 10 Pro;Int IP: 192.168.134.128;Ping: 26ms;CPU: Disabled;GPU: Disabled;CPU: 5% used;RAM: 77% used;Upload: 1.35 KB;Download: 5.64 KB
22 Jul 2021 - 19:16:39;Windows 10 Pro;Int IP: 192.168.134.128;Ping: 26ms;CPU: Disabled;GPU: Disabled;CPU: 3% used;RAM: 77% used;Upload: 4.63 KB;Download: 87.99 KB
22 Jul 2021 - 19:16:40;Windows 10 Pro;Int IP: 192.168.134.128;Ping: 26ms;CPU: Disabled;GPU: Disabled;CPU: 6% used;RAM: 77% used;Upload: 5.73 KB;Download: 313.56 KB
22 Jul 2021 - 19:16:41;Windows 10 Pro;Int IP: 192.168.134.128;Ping: 25ms;CPU: Disabled;GPU: Disabled;CPU: 6% used;RAM: 77% used;Upload: 1.29 KB;Download: 5.53 KB
22 Jul 2021 - 19:16:42;Windows 10 Pro;Int IP: 192.168.134.128;Ping: 26ms;CPU: Disabled;GPU: Disabled;CPU: 5% used;RAM: 77% used;Upload: 1.44 KB;Download: 5.73 KB
22 Jul 2021 - 19:16:43;Windows 10 Pro;Int IP: 192.168.134.128;Ping: 26ms;CPU: Disabled;GPU: Disabled;CPU: 5% used;RAM: 77% used;Upload: 3.24 KB;Download: 6.20 KB
22 Jul 2021 - 19:16:44;Windows 10 Pro;Int IP: 192.168.134.128;Ping: 34ms;CPU: Disabled;GPU: Disabled;CPU: 5% used;RAM: 77% used;Upload: 5.20 KB;Download: 161.41 KB
22 Jul 2021 - 19:16:45;Windows 10 Pro;Int IP: 192.168.134.128;Ping: 26ms;CPU: Disabled;GPU: Disabled;CPU: 4% used;RAM: 77% used;Upload: 6.62 KB;Download: 243.18 KB
22 Jul 2021 - 19:16:46;Windows 10 Pro;Int IP: 192.168.134.128;Ping: 28ms;CPU: Disabled;GPU: Disabled;CPU: 8% used;RAM: 77% used;Upload: 7.56 KB;Download: 289.02 KB
22 Jul 2021 - 19:16:47;Windows 10 Pro;Int IP: 192.168.134.128;Ping: 26ms;CPU: Disabled;GPU: Disabled;CPU: 5% used;RAM: 77% used;Upload: 7.28 KB;Download: 354.31 KB
22 Jul 2021 - 19:16:48;Windows 10 Pro;Int IP: 192.168.134.128;Ping: 26ms;CPU: Disabled;GPU: Disabled;CPU: 2% used;RAM: 77% used;Upload: 1.48 KB;Download: 5.64 KB
22 Jul 2021 - 19:16:49;Windows 10 Pro;Int IP: 192.168.134.128;Ping: 25ms;CPU: Disabled;GPU: Disabled;CPU: 1% used;RAM: 77% used;Upload: 5.03 KB;Download: 283.36 KB
22 Jul 2021 - 19:16:50;Windows 10 Pro;Int IP: 192.168.134.128;Ping: 26ms;CPU: Disabled;GPU: Disabled;CPU: 9% used;RAM: 77% used;Upload: 4.20 KB;Download: 84.80 KB
22 Jul 2021 - 19:16:51;Windows 10 Pro;Int IP: 192.168.134.128;Ping: 25ms;CPU: Disabled;GPU: Disabled;CPU: 8% used;RAM: 77% used;Upload: 1.34 KB;Download: 5.62 KB
22 Jul 2021 - 19:16:52;Windows 10 Pro;Int IP: 192.168.134.128;Ping: 26ms;CPU: Disabled;GPU: Disabled;CPU: 3% used;RAM: 77% used;Upload: 1.21 KB;Download: 5.71 KB
22 Jul 2021 - 19:16:53;Windows 10 Pro;Int IP: 192.168.134.128;Ping: 25ms;CPU: Disabled;GPU: Disabled;CPU: 18% used;RAM: 76% used;Upload: 3.38 KB;Download: 6.19 KB
22 Jul 2021 - 19:16:54;Windows 10 Pro;Int IP: 192.168.134.128;Ping: 26ms;CPU: Disabled;GPU: Disabled;CPU: 4% used;RAM: 76% used;Upload: 1.39 KB;Download: 5.54 KB
22 Jul 2021 - 19:16:55;Windows 10 Pro;Int IP: 192.168.134.128;Ping: 28ms;CPU: Disabled;GPU: Disabled;CPU: 5% used;RAM: 76% used;Upload: 8.31 KB;Download: 357.25 KB
22 Jul 2021 - 19:16:56;Windows 10 Pro;Int IP: 192.168.134.128;Ping: 26ms;CPU: Disabled;GPU: Disabled;CPU: 5% used;RAM: 76% used;Upload: 11.18 KB;Download: 446.22 KB
22 Jul 2021 - 19:16:57;Windows 10 Pro;Int IP: 192.168.134.128;Ping: 26ms;CPU: Disabled;GPU: Disabled;CPU: 9% used;RAM: 76% used;Upload: 1.32 KB;Download: 6.13 KB
22 Jul 2021 - 19:16:58;Windows 10 Pro;Int IP: 192.168.134.128;Ping: 26ms;CPU: Disabled;GPU: Disabled;CPU: 6% used;RAM: 76% used;Upload: 4.23 KB;Download: 7.46 KB
22 Jul 2021 - 19:16:59;Windows 10 Pro;Int IP: 192.168.134.128;Ping: 25ms;CPU: Disabled;GPU: Disabled;CPU: 5% used;RAM: 76% used;Upload: 3.95 KB;Download: 7.08 KB
22 Jul 2021 - 19:17:00;Windows 10 Pro;Int IP: 192.168.134.128;Ping: 30ms;CPU: Disabled;GPU: Disabled;CPU: 3% used;RAM: 76% used;Upload: 7.04 KB;Download: 246.33 KB
22 Jul 2021 - 19:17:01;Windows 10 Pro;Int IP: 192.168.134.128;Ping: 26ms;CPU: Disabled;GPU: Disabled;CPU: 6% used;RAM: 76% used;Upload: 1.57 KB;Download: 5.83 KB
22 Jul 2021 - 19:17:02;Windows 10 Pro;Int IP: 192.168.134.128;Ping: 25ms;CPU: Disabled;GPU: Disabled;CPU: 2% used;RAM: 76% used;Upload: 1.31 KB;Download: 5.54 KB
22 Jul 2021 - 19:17:03;Windows 10 Pro;Int IP: 192.168.134.128;Ping: 27ms;CPU: Disabled;GPU: Disabled;CPU: 1% used;RAM: 76% used;Upload: 1.35 KB;Download: 5.67 KB
22 Jul 2021 - 19:17:04;Windows 10 Pro;Int IP: 192.168.134.128;Ping: 25ms;CPU: Disabled;GPU: Disabled;CPU: 5% used;RAM: 76% used;Upload: 1.33 KB;Download: 5.48 KB
22 Jul 2021 - 19:17:05;Windows 10 Pro;Int IP: 192.168.134.128;Ping: 25ms;CPU: Disabled;GPU: Disabled;CPU: 6% used;RAM: 76% used;Upload: 4.89 KB;Download: 322.89 KB
22 Jul 2021 - 19:17:06;Windows 10 Pro;Int IP: 192.168.134.128;Ping: 25ms;CPU: Disabled;GPU: Disabled;CPU: 9% used;RAM: 76% used;Upload: 1.41 KB;Download: 5.71 KB
22 Jul 2021 - 19:17:07;Windows 10 Pro;Int IP: 192.168.134.128;Ping: 25ms;CPU: Disabled;GPU: Disabled;CPU: 3% used;RAM: 76% used;Upload: 18.46 KB;Download: 1.85 MB
22 Jul 2021 - 19:17:08;Windows 10 Pro;Int IP: 192.168.134.128;Ping: 25ms;CPU: Disabled;GPU: Disabled;CPU: 7% used;RAM: 76% used;Upload: 1.50 KB;Download: 5.78 KB
22 Jul 2021 - 19:17:09;Windows 10 Pro;Int IP: 192.168.134.128;Ping: 26ms;CPU: Disabled;GPU: Disabled;CPU: 2% used;RAM: 76% used;Upload: 1.41 KB;Download: 5.68 KB
22 Jul 2021 - 19:17:10;Windows 10 Pro;Int IP: 192.168.134.128;Ping: 26ms;CPU: Disabled;GPU: Disabled;CPU: 7% used;RAM: 76% used;Upload: 11.79 KB;Download: 736.99 KB
22 Jul 2021 - 19:17:11;Windows 10 Pro;Int IP: 192.168.134.128;Ping: 25ms;CPU: Disabled;GPU: Disabled;CPU: 2% used;RAM: 76% used;Upload: 1.61 KB;Download: 5.90 KB
22 Jul 2021 - 19:17:12;Windows 10 Pro;Int IP: 192.168.134.128;Ping: 25ms;CPU: Disabled;GPU: Disabled;CPU: 1% used;RAM: 76% used;Upload: 1.57 KB;Download: 5.85 KB
22 Jul 2021 - 19:17:13;Windows 10 Pro;Int IP: 192.168.134.128;Ping: 26ms;CPU: Disabled;GPU: Disabled;CPU: 11% used;RAM: 76% used;Upload: 1.62 KB;Download: 5.88 KB
22 Jul 2021 - 19:17:14;Windows 10 Pro;Int IP: 192.168.134.128;Ping: 26ms;CPU: Disabled;GPU: Disabled;CPU: 11% used;RAM: 76% used;Upload: 1.53 KB;Download: 5.83 KB
22 Jul 2021 - 19:17:15;Windows 10 Pro;Int IP: 192.168.134.128;Ping: 26ms;CPU: Disabled;GPU: Disabled;CPU: 3% used;RAM: 76% used;Upload: 4.51 KB;Download: 97.78 KB
22 Jul 2021 - 19:17:16;Windows 10 Pro;Int IP: 192.168.134.128;Ping: 26ms;CPU: Disabled;GPU: Disabled;CPU: 5% used;RAM: 76% used;Upload: 10.47 KB;Download: 723.72 KB
22 Jul 2021 - 19:17:17;Windows 10 Pro;Int IP: 192.168.134.128;Ping: 25ms;CPU: Disabled;GPU: Disabled;CPU: 8% used;RAM: 76% used;Upload: 1.29 KB;Download: 5.52 KB
13 Aug 2021 - 09:28:04;Windows 10 Pro;Int IP: 192.168.134.128;Ping: 58ms;CPU: Disabled;GPU: Disabled;CPU: ;RAM: 68% used;Upload: ;Download: 
13 Aug 2021 - 09:28:05;Windows 10 Pro;Int IP: 192.168.134.128;Ping: 324ms;CPU: Disabled;GPU: Disabled;CPU: ;RAM: 68% used;Upload: ;Download: 
13 Aug 2021 - 09:28:05;Windows 10 Pro;Int IP: 192.168.134.128;Ping: 59ms;CPU: Disabled;GPU: Disabled;CPU: 67% used;RAM: 68% used;Upload: ;Download: 
13 Aug 2021 - 09:28:06;Windows 10 Pro;Int IP: 192.168.134.128;Ping: 27ms;CPU: Disabled;GPU: Disabled;CPU: 67% used;RAM: 68% used;Upload: 21.28 KB;Download: 987.89 KB
13 Aug 2021 - 09:28:08;Windows 10 Pro;Int IP: 192.168.134.128;Ping: 62ms;CPU: Disabled;GPU: Disabled;CPU: 67% used;RAM: 68% used;Upload: 19.62 KB;Download: 891.80 KB
13 Aug 2021 - 09:28:09;Windows 10 Pro;Int IP: 192.168.134.128;Ping: 27ms;CPU: Disabled;GPU: Disabled;CPU: 67% used;RAM: 68% used;Upload: 73.70 KB;Download: 2.23 MB
13 Aug 2021 - 09:28:10;Windows 10 Pro;Int IP: 192.168.134.128;Ping: 51ms;CPU: Disabled;GPU: Disabled;CPU: 18% used;RAM: 68% used;Upload: 41.26 KB;Download: 1.96 MB
13 Aug 2021 - 09:28:11;Windows 10 Pro;Int IP: 192.168.134.128;Ping: 55ms;CPU: Disabled;GPU: Disabled;CPU: 22% used;RAM: 68% used;Upload: 52.27 KB;Download: 2.39 MB
13 Aug 2021 - 09:28:12;Windows 10 Pro;Int IP: 192.168.134.128;Ping: 29ms;CPU: Disabled;GPU: Disabled;CPU: 22% used;RAM: 68% used;Upload: 52.27 KB;Download: 2.39 MB
13 Aug 2021 - 09:28:13;Windows 10 Pro;Int IP: 192.168.134.128;Ping: 50ms;CPU: Disabled;GPU: Disabled;CPU: 22% used;RAM: 68% used;Upload: 18.18 KB;Download: 883.21 KB
13 Aug 2021 - 09:28:14;Windows 10 Pro;Int IP: 192.168.134.128;Ping: 26ms;CPU: Disabled;GPU: Disabled;CPU: 21% used;RAM: 68% used;Upload: 587 Bytes;Download: 520 Bytes
13 Aug 2021 - 09:28:15;Windows 10 Pro;Int IP: 192.168.134.128;Ping: 31ms;CPU: Disabled;GPU: Disabled;CPU: 32% used;RAM: 68% used;Upload: 8.23 KB;Download: 388.16 KB
13 Aug 2021 - 09:28:16;Windows 10 Pro;Int IP: 192.168.134.128;Ping: 28ms;CPU: Disabled;GPU: Disabled;CPU: 15% used;RAM: 68% used;Upload: 2.03 KB;Download: 42.86 KB
13 Aug 2021 - 09:28:17;Windows 10 Pro;Int IP: 192.168.134.128;Ping: 39ms;CPU: Disabled;GPU: Disabled;CPU: 14% used;RAM: 68% used;Upload: 2.03 KB;Download: 42.86 KB
13 Aug 2021 - 09:28:18;Windows 10 Pro;Int IP: 192.168.134.128;Ping: 29ms;CPU: Disabled;GPU: Disabled;CPU: 14% used;RAM: 68% used;Upload: 640 Bytes;Download: 509 Bytes
13 Aug 2021 - 09:28:19;Windows 10 Pro;Int IP: 192.168.134.128;Ping: 39ms;CPU: Disabled;GPU: Disabled;CPU: 14% used;RAM: 68% used;Upload: 2.00 KB;Download: 956 Bytes
13 Aug 2021 - 09:28:20;Windows 10 Pro;Int IP: 192.168.134.128;Ping: 82ms;CPU: Disabled;GPU: Disabled;CPU: 14% used;RAM: 68% used;Upload: 11.27 KB;Download: 393.84 KB
13 Aug 2021 - 09:28:21;Windows 10 Pro;Int IP: 192.168.134.128;Ping: 26ms;CPU: Disabled;GPU: Disabled;CPU: 12% used;RAM: 68% used;Upload: 11.27 KB;Download: 393.84 KB
13 Aug 2021 - 09:28:22;Windows 10 Pro;Int IP: 192.168.134.128;Ping: 73ms;CPU: Disabled;GPU: Disabled;CPU: 12% used;RAM: 68% used;Upload: 1.12 KB;Download: 590 Bytes
13 Aug 2021 - 09:28:24;Windows 10 Pro;Int IP: 192.168.134.128;Ping: 29ms;CPU: Disabled;GPU: Disabled;CPU: 12% used;RAM: 68% used;Upload: 657 Bytes;Download: 521 Bytes
13 Aug 2021 - 09:28:25;Windows 10 Pro;Int IP: 192.168.134.128;Ping: 27ms;CPU: Disabled;GPU: Disabled;CPU: 12% used;RAM: 68% used;Upload: 9.33 KB;Download: 454.12 KB
13 Aug 2021 - 09:28:26;Windows 10 Pro;Int IP: 192.168.134.128;Ping: 97ms;CPU: Disabled;GPU: Disabled;CPU: 17% used;RAM: 68% used;Upload: 8.36 KB;Download: 416.58 KB
13 Aug 2021 - 09:28:27;Windows 10 Pro;Int IP: 192.168.134.128;Ping: 49ms;CPU: Disabled;GPU: Disabled;CPU: 17% used;RAM: 68% used;Upload: 8.36 KB;Download: 416.58 KB
13 Aug 2021 - 09:28:28;Windows 10 Pro;Int IP: 192.168.134.128;Ping: 65ms;CPU: Disabled;GPU: Disabled;CPU: 17% used;RAM: 68% used;Upload: 760 Bytes;Download: 594 Bytes
13 Aug 2021 - 09:28:29;Windows 10 Pro;Int IP: 192.168.134.128;Ping: 55ms;CPU: Disabled;GPU: Disabled;CPU: 17% used;RAM: 68% used;Upload: 656 Bytes;Download: 520 Bytes
13 Aug 2021 - 09:28:30;Windows 10 Pro;Int IP: 192.168.134.128;Ping: 57ms;CPU: Disabled;GPU: Disabled;CPU: 17% used;RAM: 68% used;Upload: 29.79 KB;Download: 437.32 KB
13 Aug 2021 - 09:28:31;Windows 10 Pro;Int IP: 192.168.134.128;Ping: 25ms;CPU: Disabled;GPU: Disabled;CPU: 17% used;RAM: 68% used;Upload: 10.74 KB;Download: 419.42 KB
13 Aug 2021 - 09:28:33;Windows 10 Pro;Int IP: 192.168.134.128;Ping thread went in error;CPU: Disabled;GPU: Disabled;CPU: 8% used;RAM: 68% used;Upload: 3.43 KB;Download: 152.10 KB
13 Aug 2021 - 09:28:34;Windows 10 Pro;Int IP: 192.168.134.128;Ping thread went in error;CPU: Disabled;GPU: Disabled;CPU: 8% used;RAM: 69% used;Upload: 3.43 KB;Download: 152.10 KB
13 Aug 2021 - 09:28:35;Windows 10 Pro;Int IP: 192.168.134.128;Ping thread went in error;CPU: Disabled;GPU: Disabled;CPU: 8% used;RAM: 68% used;Upload: 3.43 KB;Download: 152.10 KB
13 Aug 2021 - 09:28:36;Windows 10 Pro;Int IP: 192.168.134.128;Ping thread went in error;CPU: Disabled;GPU: Disabled;CPU: 15% used;RAM: 68% used;Upload: 16.40 KB;Download: 851.36 KB
13 Aug 2021 - 09:28:36;Windows 10 Pro;Int IP: 192.168.134.128;Ping: Failed to Ping;CPU: Disabled;GPU: Disabled;CPU: 15% used;RAM: 69% used;Upload: 1.58 KB;Download: 942 Bytes
13 Aug 2021 - 09:28:37;Windows 10 Pro;Int IP: 192.168.134.128;Ping: 25ms;CPU: Disabled;GPU: Disabled;CPU: 15% used;RAM: 69% used;Upload: 9.44 KB;Download: 164.56 KB
13 Aug 2021 - 09:28:38;Windows 10 Pro;Int IP: 192.168.134.128;Ping: 27ms;CPU: Disabled;GPU: Disabled;CPU: 17% used;RAM: 69% used;Upload: 816 Bytes;Download: 518 Bytes
13 Aug 2021 - 09:28:39;Windows 10 Pro;Int IP: 192.168.134.128;Ping: 63ms;CPU: Disabled;GPU: Disabled;CPU: 17% used;RAM: 68% used;Upload: 2.11 KB;Download: 500 Bytes
13 Aug 2021 - 09:28:40;Windows 10 Pro;Int IP: 192.168.134.128;Ping: 39ms;CPU: Disabled;GPU: Disabled;CPU: 9% used;RAM: 68% used;Upload: 2.11 KB;Download: 500 Bytes
13 Aug 2021 - 09:28:41;Windows 10 Pro;Int IP: 192.168.134.128;Ping: 41ms;CPU: Disabled;GPU: Disabled;CPU: 9% used;RAM: 68% used;Upload: 6.41 KB;Download: 393.53 KB
13 Aug 2021 - 09:28:42;Windows 10 Pro;Int IP: 192.168.134.128;Ping: 25ms;CPU: Disabled;GPU: Disabled;CPU: 9% used;RAM: 69% used;Upload: 7.58 KB;Download: 399.68 KB
13 Aug 2021 - 09:28:43;Windows 10 Pro;Int IP: 192.168.134.128;Ping: 69ms;CPU: Disabled;GPU: Disabled;CPU: 11% used;RAM: 68% used;Upload: 691 Bytes;Download: 564 Bytes
13 Aug 2021 - 09:28:44;Windows 10 Pro;Int IP: 192.168.134.128;Ping: 30ms;CPU: Disabled;GPU: Disabled;CPU: 12% used;RAM: 68% used;Upload: 713 Bytes;Download: 662 Bytes
13 Aug 2021 - 09:28:45;Windows 10 Pro;Int IP: 192.168.134.128;Ping: 31ms;CPU: Disabled;GPU: Disabled;CPU: 12% used;RAM: 68% used;Upload: 713 Bytes;Download: 662 Bytes
13 Aug 2021 - 09:28:46;Windows 10 Pro;Int IP: 192.168.134.128;Ping: 38ms;CPU: Disabled;GPU: Disabled;CPU: 15% used;RAM: 68% used;Upload: 7.27 KB;Download: 232.07 KB
13 Aug 2021 - 09:28:47;Windows 10 Pro;Int IP: 192.168.134.128;Ping: 39ms;CPU: Disabled;GPU: Disabled;CPU: 15% used;RAM: 68% used;Upload: 8.15 KB;Download: 403.07 KB
13 Aug 2021 - 09:28:48;Windows 10 Pro;Int IP: 192.168.134.128;Ping: 29ms;CPU: Disabled;GPU: Disabled;CPU: 15% used;RAM: 69% used;Upload: 716 Bytes;Download: 516 Bytes
13 Aug 2021 - 09:28:49;Windows 10 Pro;Int IP: 192.168.134.128;Ping: 26ms;CPU: Disabled;GPU: Disabled;CPU: 12% used;RAM: 69% used;Upload: 591 Bytes;Download: 520 Bytes
13 Aug 2021 - 09:28:50;Windows 10 Pro;Int IP: 192.168.134.128;Ping: 41ms;CPU: Disabled;GPU: Disabled;CPU: 12% used;RAM: 69% used;Upload: 703 Bytes;Download: 506 Bytes
13 Aug 2021 - 09:28:51;Windows 10 Pro;Int IP: 192.168.134.128;Ping: 30ms;CPU: Disabled;GPU: Disabled;CPU: 12% used;RAM: 69% used;Upload: 1.06 KB;Download: 84.70 KB
13 Aug 2021 - 09:28:52;Windows 10 Pro;Int IP: 192.168.134.128;Ping: 81ms;CPU: Disabled;GPU: Disabled;CPU: 24% used;RAM: 69% used;Upload: 1.56 KB;Download: 826 Bytes
13 Aug 2021 - 09:28:53;Windows 10 Pro;Int IP: 192.168.134.128;Ping: 83ms;CPU: Disabled;GPU: Disabled;CPU: 24% used;RAM: 69% used;Upload: 648 Bytes;Download: 514 Bytes
13 Aug 2021 - 09:28:54;Windows 10 Pro;Int IP: 192.168.134.128;Ping: 33ms;CPU: Disabled;GPU: Disabled;CPU: 17% used;RAM: 69% used;Upload: 648 Bytes;Download: 514 Bytes
13 Aug 2021 - 09:28:55;Windows 10 Pro;Int IP: 192.168.134.128;Ping: 39ms;CPU: Disabled;GPU: Disabled;CPU: 14% used;RAM: 68% used;Upload: 3.00 KB;Download: 1.64 KB
13 Aug 2021 - 09:28:56;Windows 10 Pro;Int IP: 192.168.134.128;Ping: 50ms;CPU: Disabled;GPU: Disabled;CPU: 45% used;RAM: 69% used;Upload: 11.23 KB;Download: 403.75 KB
13 Aug 2021 - 09:28:57;Windows 10 Pro;Int IP: 192.168.134.128;Ping: 170ms;CPU: Disabled;GPU: Disabled;CPU: 45% used;RAM: 69% used;Upload: 645 Bytes;Download: 511 Bytes
13 Aug 2021 - 09:28:58;Windows 10 Pro;Int IP: 192.168.134.128;Ping: 39ms;CPU: Disabled;GPU: Disabled;CPU: 13% used;RAM: 69% used;Upload: 645 Bytes;Download: 511 Bytes
13 Aug 2021 - 09:28:59;Windows 10 Pro;Int IP: 192.168.134.128;Ping: 25ms;CPU: Disabled;GPU: Disabled;CPU: 17% used;RAM: 69% used;Upload: 1.05 KB;Download: 893 Bytes
13 Aug 2021 - 09:29:00;Windows 10 Pro;Int IP: 192.168.134.128;Ping: 25ms;CPU: Disabled;GPU: Disabled;CPU: 17% used;RAM: 69% used;Upload: 808 Bytes;Download: 889 Bytes
13 Aug 2021 - 09:29:01;Windows 10 Pro;Int IP: 192.168.134.128;Ping: 25ms;CPU: Disabled;GPU: Disabled;CPU: 18% used;RAM: 68% used;Upload: 8.41 KB;Download: 1.72 KB
13 Aug 2021 - 09:29:02;Windows 10 Pro;Int IP: 192.168.134.128;Ping: 25ms;CPU: Disabled;GPU: Disabled;CPU: 18% used;RAM: 68% used;Upload: 16.54 KB;Download: 880.26 KB
13 Aug 2021 - 09:29:03;Windows 10 Pro;Int IP: 192.168.134.128;Ping: 29ms;CPU: Disabled;GPU: Disabled;CPU: 9% used;RAM: 68% used;Upload: 641 Bytes;Download: 510 Bytes
13 Aug 2021 - 09:29:05;Windows 10 Pro;Int IP: 192.168.134.128;Ping: 37ms;CPU: Disabled;GPU: Disabled;CPU: 13% used;RAM: 68% used;Upload: 650 Bytes;Download: 502 Bytes
13 Aug 2021 - 09:29:05;Windows 10 Pro;Int IP: 192.168.134.128;Ping: 37ms;CPU: Disabled;GPU: Disabled;CPU: 13% used;RAM: 68% used;Upload: 650 Bytes;Download: 502 Bytes
13 Aug 2021 - 09:29:06;Windows 10 Pro;Int IP: 192.168.134.128;Ping: 298ms;CPU: Disabled;GPU: Disabled;CPU: 13% used;RAM: 68% used;Upload: 247 Bytes;Download: 280 Bytes
13 Aug 2021 - 09:29:07;Windows 10 Pro;Int IP: 192.168.134.128;Ping: 188ms;CPU: Disabled;GPU: Disabled;CPU: 13% used;RAM: 68% used;Upload: 3.76 KB;Download: 1.64 KB
13 Aug 2021 - 09:29:08;Windows 10 Pro;Int IP: 192.168.134.128;Ping: 29ms;CPU: Disabled;GPU: Disabled;CPU: 13% used;RAM: 68% used;Upload: 3.76 KB;Download: 1.64 KB
13 Aug 2021 - 09:29:09;Windows 10 Pro;Int IP: 192.168.134.128;Ping: 28ms;CPU: Disabled;GPU: Disabled;CPU: 13% used;RAM: 68% used;Upload: 808 Bytes;Download: 891 Bytes
13 Aug 2021 - 09:29:10;Windows 10 Pro;Int IP: 192.168.134.128;Ping: 25ms;CPU: Disabled;GPU: Disabled;CPU: 27% used;RAM: 68% used;Upload: 705 Bytes;Download: 578 Bytes
13 Aug 2021 - 09:29:11;Windows 10 Pro;Int IP: 192.168.134.128;Ping: 319ms;CPU: Disabled;GPU: Disabled;CPU: 27% used;RAM: 68% used;Upload: 8.17 KB;Download: 396.06 KB
13 Aug 2021 - 09:29:12;Windows 10 Pro;Int IP: 192.168.134.128;Ping: 26ms;CPU: Disabled;GPU: Disabled;CPU: 27% used;RAM: 68% used;Upload: 8.17 KB;Download: 396.06 KB
13 Aug 2021 - 09:29:13;Windows 10 Pro;Int IP: 192.168.134.128;Ping: 26ms;CPU: Disabled;GPU: Disabled;CPU: 27% used;RAM: 69% used;Upload: 1.59 KB;Download: 987 Bytes
13 Aug 2021 - 09:29:14;Windows 10 Pro;Int IP: 192.168.134.128;Ping: 30ms;CPU: Disabled;GPU: Disabled;CPU: 8% used;RAM: 68% used;Upload: 7.08 KB;Download: 3.07 KB
13 Aug 2021 - 09:29:15;Windows 10 Pro;Int IP: 192.168.134.128;Ping: 25ms;CPU: Disabled;GPU: Disabled;CPU: 8% used;RAM: 68% used;Upload: 6.06 KB;Download: 2.43 KB
13 Aug 2021 - 09:29:16;Windows 10 Pro;Int IP: 192.168.134.128;Ping: 28ms;CPU: Disabled;GPU: Disabled;CPU: 8% used;RAM: 68% used;Upload: 2.32 KB;Download: 1.18 KB
13 Aug 2021 - 09:29:17;Windows 10 Pro;Int IP: 192.168.134.128;Ping: 25ms;CPU: Disabled;GPU: Disabled;CPU: 6% used;RAM: 69% used;Upload: 11.48 KB;Download: 402.12 KB
13 Aug 2021 - 09:29:18;Windows 10 Pro;Int IP: 192.168.134.128;Ping: 25ms;CPU: Disabled;GPU: Disabled;CPU: 12% used;RAM: 68% used;Upload: 713 Bytes;Download: 515 Bytes
13 Aug 2021 - 09:29:19;Windows 10 Pro;Int IP: 192.168.134.128;Ping: 25ms;CPU: Disabled;GPU: Disabled;CPU: 12% used;RAM: 68% used;Upload: 719 Bytes;Download: 516 Bytes
13 Aug 2021 - 09:29:20;Windows 10 Pro;Int IP: 192.168.134.128;Ping: 26ms;CPU: Disabled;GPU: Disabled;CPU: 13% used;RAM: 69% used;Upload: 719 Bytes;Download: 516 Bytes
13 Aug 2021 - 09:29:21;Windows 10 Pro;Int IP: 192.168.134.128;Ping: 29ms;CPU: Disabled;GPU: Disabled;CPU: 12% used;RAM: 69% used;Upload: 2.14 KB;Download: 6.44 KB
13 Aug 2021 - 09:29:22;Windows 10 Pro;Int IP: 192.168.134.128;Ping: 25ms;CPU: Disabled;GPU: Disabled;CPU: 14% used;RAM: 68% used;Upload: 7.41 KB;Download: 409.54 KB
13 Aug 2021 - 09:29:23;Windows 10 Pro;Int IP: 192.168.134.128;Ping: 25ms;CPU: Disabled;GPU: Disabled;CPU: 16% used;RAM: 68% used;Upload: 707 Bytes;Download: 580 Bytes
13 Aug 2021 - 09:29:24;Windows 10 Pro;Int IP: 192.168.134.128;Ping: 25ms;CPU: Disabled;GPU: Disabled;CPU: 16% used;RAM: 69% used;Upload: 707 Bytes;Download: 580 Bytes
13 Aug 2021 - 09:29:25;Windows 10 Pro;Int IP: 192.168.134.128;Ping: 26ms;CPU: Disabled;GPU: Disabled;CPU: 15% used;RAM: 69% used;Upload: 8.42 KB;Download: 13.82 KB
13 Aug 2021 - 09:29:26;Windows 10 Pro;Int IP: 192.168.134.128;Ping: 25ms;CPU: Disabled;GPU: Disabled;CPU: 15% used;RAM: 68% used;Upload: 650 Bytes;Download: 514 Bytes
13 Aug 2021 - 09:29:27;Windows 10 Pro;Int IP: 192.168.134.128;Ping: 35ms;CPU: Disabled;GPU: Disabled;CPU: 12% used;RAM: 68% used;Upload: 7.69 KB;Download: 409.34 KB
13 Aug 2021 - 09:29:28;Windows 10 Pro;Int IP: 192.168.134.128;Ping: 25ms;CPU: Disabled;GPU: Disabled;CPU: 12% used;RAM: 68% used;Upload: 6.96 KB;Download: 8.04 KB
13 Aug 2021 - 09:29:30;Windows 10 Pro;Int IP: 192.168.134.128;Ping: 36ms;CPU: Disabled;GPU: Disabled;CPU: 12% used;RAM: 67% used;Upload: 9.89 KB;Download: 330.64 KB
13 Aug 2021 - 09:29:32;Windows 10 Pro;Int IP: 192.168.134.128;Ping: 27ms;CPU: Disabled;GPU: Disabled;CPU: 12% used;RAM: 68% used;Upload: 35.44 KB;Download: 1.21 MB
13 Aug 2021 - 09:29:33;Windows 10 Pro;Int IP: 192.168.134.128;Ping: 27ms;CPU: Disabled;GPU: Disabled;CPU: 21% used;RAM: 68% used;Upload: 25.56 KB;Download: 971.53 KB
13 Aug 2021 - 09:29:35;Windows 10 Pro;Int IP: 192.168.134.128;Ping: 278ms;CPU: Disabled;GPU: Disabled;CPU: 21% used;RAM: 68% used;Upload: 4.06 KB;Download: 7.89 KB
13 Aug 2021 - 09:29:35;Windows 10 Pro;Int IP: 192.168.134.128;Ping: 47ms;CPU: Disabled;GPU: Disabled;CPU: 28% used;RAM: 68% used;Upload: 8.76 KB;Download: 177.82 KB
13 Aug 2021 - 09:29:36;Windows 10 Pro;Int IP: 192.168.134.128;Ping: 76ms;CPU: Disabled;GPU: Disabled;CPU: 18% used;RAM: 68% used;Upload: 8.76 KB;Download: 177.82 KB
13 Aug 2021 - 09:29:37;Windows 10 Pro;Int IP: 192.168.134.128;Ping: 28ms;CPU: Disabled;GPU: Disabled;CPU: 18% used;RAM: 68% used;Upload: 7.70 KB;Download: 402.50 KB
13 Aug 2021 - 09:29:38;Windows 10 Pro;Int IP: 192.168.134.128;Ping: 28ms;CPU: Disabled;GPU: Disabled;CPU: 12% used;RAM: 68% used;Upload: 6.17 KB;Download: 398.64 KB
13 Aug 2021 - 09:29:39;Windows 10 Pro;Int IP: 192.168.134.128;Ping: 25ms;CPU: Disabled;GPU: Disabled;CPU: 12% used;RAM: 68% used;Upload: 2.91 KB;Download: 12.51 KB
13 Aug 2021 - 09:29:40;Windows 10 Pro;Int IP: 192.168.134.128;Ping: 27ms;CPU: Disabled;GPU: Disabled;CPU: 15% used;RAM: 68% used;Upload: 767 Bytes;Download: 578 Bytes
13 Aug 2021 - 09:29:41;Windows 10 Pro;Int IP: 192.168.134.128;Ping: 33ms;CPU: Disabled;GPU: Disabled;CPU: 9% used;RAM: 68% used;Upload: 21.04 KB;Download: 1.50 MB
13 Aug 2021 - 09:29:42;Windows 10 Pro;Int IP: 192.168.134.128;Ping: 25ms;CPU: Disabled;GPU: Disabled;CPU: 8% used;RAM: 68% used;Upload: 21.04 KB;Download: 1.50 MB
13 Aug 2021 - 09:29:43;Windows 10 Pro;Int IP: 192.168.134.128;Ping: 26ms;CPU: Disabled;GPU: Disabled;CPU: 9% used;RAM: 68% used;Upload: 3.15 KB;Download: 509 Bytes
13 Aug 2021 - 09:29:44;Windows 10 Pro;Int IP: 192.168.134.128;Ping: 25ms;CPU: Disabled;GPU: Disabled;CPU: 17% used;RAM: 68% used;Upload: 577 Bytes;Download: 509 Bytes
13 Aug 2021 - 09:29:45;Windows 10 Pro;Int IP: 192.168.134.128;Ping: 107ms;CPU: Disabled;GPU: Disabled;CPU: 17% used;RAM: 68% used;Upload: 30.20 KB;Download: 1.87 MB
13 Aug 2021 - 09:29:46;Windows 10 Pro;Int IP: 192.168.134.128;Ping: 204ms;CPU: Disabled;GPU: Disabled;CPU: 13% used;RAM: 68% used;Upload: 7.93 KB;Download: 361.67 KB
13 Aug 2021 - 09:29:47;Windows 10 Pro;Int IP: 192.168.134.128;Ping: 32ms;CPU: Disabled;GPU: Disabled;CPU: 19% used;RAM: 68% used;Upload: 7.93 KB;Download: 361.67 KB
13 Aug 2021 - 09:29:48;Windows 10 Pro;Int IP: 192.168.134.128;Ping: 37ms;CPU: Disabled;GPU: Disabled;CPU: 19% used;RAM: 68% used;Upload: 8.20 KB;Download: 403.75 KB
13 Aug 2021 - 09:29:49;Windows 10 Pro;Int IP: 192.168.134.128;Ping: 35ms;CPU: Disabled;GPU: Disabled;CPU: 19% used;RAM: 68% used;Upload: 656 Bytes;Download: 520 Bytes
13 Aug 2021 - 09:29:50;Windows 10 Pro;Int IP: 192.168.134.128;Ping: 27ms;CPU: Disabled;GPU: Disabled;CPU: 13% used;RAM: 68% used;Upload: 656 Bytes;Download: 520 Bytes
13 Aug 2021 - 09:29:52;Windows 10 Pro;Int IP: 192.168.134.128;Ping: 28ms;CPU: Disabled;GPU: Disabled;CPU: 8% used;RAM: 68% used;Upload: 7.76 KB;Download: 2.11 KB
13 Aug 2021 - 09:29:52;Windows 10 Pro;Int IP: 192.168.134.128;Ping: 26ms;CPU: Disabled;GPU: Disabled;CPU: 24% used;RAM: 68% used;Upload: 8.63 KB;Download: 400.04 KB
13 Aug 2021 - 09:29:53;Windows 10 Pro;Int IP: 192.168.134.128;Ping: 27ms;CPU: Disabled;GPU: Disabled;CPU: 24% used;RAM: 68% used;Upload: 8.63 KB;Download: 400.04 KB
13 Aug 2021 - 09:29:54;Windows 10 Pro;Int IP: 192.168.134.128;Ping: 25ms;CPU: Disabled;GPU: Disabled;CPU: 17% used;RAM: 68% used;Upload: 712 Bytes;Download: 585 Bytes
13 Aug 2021 - 09:29:55;Windows 10 Pro;Int IP: 192.168.134.128;Ping: 25ms;CPU: Disabled;GPU: Disabled;CPU: 17% used;RAM: 68% used;Upload: 652 Bytes;Download: 517 Bytes
13 Aug 2021 - 09:29:56;Windows 10 Pro;Int IP: 192.168.134.128;Ping: 43ms;CPU: Disabled;GPU: Disabled;CPU: 17% used;RAM: 68% used;Upload: 10.46 KB;Download: 407.00 KB
13 Aug 2021 - 09:29:57;Windows 10 Pro;Int IP: 192.168.134.128;Ping: 25ms;CPU: Disabled;GPU: Disabled;CPU: 18% used;RAM: 68% used;Upload: 10.46 KB;Download: 407.00 KB
13 Aug 2021 - 09:29:58;Windows 10 Pro;Int IP: 192.168.134.128;Ping: 25ms;CPU: Disabled;GPU: Disabled;CPU: 12% used;RAM: 68% used;Upload: 825 Bytes;Download: 874 Bytes
13 Aug 2021 - 09:29:59;Windows 10 Pro;Int IP: 192.168.134.128;Ping: 29ms;CPU: Disabled;GPU: Disabled;CPU: 18% used;RAM: 68% used;Upload: 756 Bytes;Download: 728 Bytes
13 Aug 2021 - 09:30:00;Windows 10 Pro;Int IP: 192.168.134.128;Ping: 25ms;CPU: Disabled;GPU: Disabled;CPU: 18% used;RAM: 68% used;Upload: 995 Bytes;Download: 830 Bytes
13 Aug 2021 - 09:30:01;Windows 10 Pro;Int IP: 192.168.134.128;Ping: 32ms;CPU: Disabled;GPU: Disabled;CPU: 35% used;RAM: 68% used;Upload: 2.67 KB;Download: 1021 Bytes
13 Aug 2021 - 09:30:02;Windows 10 Pro;Int IP: 192.168.134.128;Ping: 26ms;CPU: Disabled;GPU: Disabled;CPU: 13% used;RAM: 69% used;Upload: 14.12 KB;Download: 866.25 KB
13 Aug 2021 - 09:30:03;Windows 10 Pro;Int IP: 192.168.134.128;Ping: 31ms;CPU: Disabled;GPU: Disabled;CPU: 13% used;RAM: 69% used;Upload: 10.26 KB;Download: 7.52 KB
13 Aug 2021 - 09:30:05;Windows 10 Pro;Int IP: 192.168.134.128;Ping: 245ms;CPU: Disabled;GPU: Disabled;CPU: 19% used;RAM: 68% used;Upload: 1.63 KB;Download: 1.83 KB
13 Aug 2021 - 09:30:05;Windows 10 Pro;Int IP: 192.168.134.128;Ping: 56ms;CPU: Disabled;GPU: Disabled;CPU: 11% used;RAM: 68% used;Upload: 2.43 KB;Download: 1.07 KB
13 Aug 2021 - 09:30:06;Windows 10 Pro;Int IP: 192.168.134.128;Ping: 25ms;CPU: Disabled;GPU: Disabled;CPU: 11% used;RAM: 68% used;Upload: 2.43 KB;Download: 1.07 KB
13 Aug 2021 - 09:30:07;Windows 10 Pro;Int IP: 192.168.134.128;Ping: 34ms;CPU: Disabled;GPU: Disabled;CPU: 13% used;RAM: 68% used;Upload: 700 Bytes;Download: 577 Bytes
13 Aug 2021 - 09:30:09;Windows 10 Pro;Int IP: 192.168.134.128;Ping: 27ms;CPU: Disabled;GPU: Disabled;CPU: 13% used;RAM: 68% used;Upload: 654 Bytes;Download: 516 Bytes
13 Aug 2021 - 09:30:10;Windows 10 Pro;Int IP: 192.168.134.128;Ping: 35ms;CPU: Disabled;GPU: Disabled;CPU: 13% used;RAM: 68% used;Upload: 268 Bytes;Download: 77 Bytes
13 Aug 2021 - 09:30:12;Windows 10 Pro;Int IP: 192.168.134.128;Ping thread went in error;CPU: Disabled;GPU: Disabled;CPU: 13% used;RAM: 69% used;Upload: 4.93 KB;Download: 100.88 KB
13 Aug 2021 - 09:30:14;Windows 10 Pro;Int IP: 192.168.134.128;Ping thread went in error;CPU: Disabled;GPU: Disabled;CPU: 11% used;RAM: 68% used;Upload: 3.84 KB;Download: 1.30 KB
13 Aug 2021 - 09:30:15;Windows 10 Pro;Int IP: 192.168.134.128;Ping thread went in error;CPU: Disabled;GPU: Disabled;CPU: 11% used;RAM: 68% used;Upload: 3.84 KB;Download: 1.30 KB
13 Aug 2021 - 09:30:16;Windows 10 Pro;Int IP: 192.168.134.128;Ping: 44ms;CPU: Disabled;GPU: Disabled;CPU: 9% used;RAM: 68% used;Upload: 983 Bytes;Download: 749 Bytes
13 Aug 2021 - 09:30:17;Windows 10 Pro;Int IP: 192.168.134.128;Ping: 44ms;CPU: Disabled;GPU: Disabled;CPU: 9% used;RAM: 68% used;Upload: 983 Bytes;Download: 749 Bytes
13 Aug 2021 - 09:30:17;Windows 10 Pro;Int IP: 192.168.134.128;Ping: 28ms;CPU: Disabled;GPU: Disabled;CPU: 9% used;RAM: 68% used;Upload: 9.71 KB;Download: 401.55 KB
13 Aug 2021 - 09:30:18;Windows 10 Pro;Int IP: 192.168.134.128;Ping: 28ms;CPU: Disabled;GPU: Disabled;CPU: 9% used;RAM: 68% used;Upload: 9.71 KB;Download: 401.55 KB
13 Aug 2021 - 09:30:19;Windows 10 Pro;Int IP: 192.168.134.128;Ping: 25ms;CPU: Disabled;GPU: Disabled;CPU: 9% used;RAM: 69% used;Upload: 5.86 KB;Download: 302.32 KB
13 Aug 2021 - 09:30:20;Windows 10 Pro;Int IP: 192.168.134.128;Ping: 25ms;CPU: Disabled;GPU: Disabled;CPU: 9% used;RAM: 69% used;Upload: 1.84 KB;Download: 885 Bytes
13 Aug 2021 - 09:30:21;Windows 10 Pro;Int IP: 192.168.134.128;Ping: 25ms;CPU: Disabled;GPU: Disabled;CPU: 6% used;RAM: 68% used;Upload: 1.95 KB;Download: 900 Bytes
16 Aug 2021 - 12:56:09;Windows 10 Pro;Int IP: 192.168.134.128;Ping: 27ms;CPU: Disabled;GPU: Disabled;CPU: ;RAM: 67% used;Upload: ;Download: 
16 Aug 2021 - 12:56:10;Windows 10 Pro;Int IP: 192.168.134.128;Ping: 26ms;CPU: Disabled;GPU: Disabled;CPU: ;RAM: 67% used;Upload: ;Download: 
16 Aug 2021 - 12:56:11;Windows 10 Pro;Int IP: 192.168.134.128;Ping: 29ms;CPU: Disabled;GPU: Disabled;CPU: 12% used;RAM: 67% used;Upload: ;Download: 
16 Aug 2021 - 12:56:12;Windows 10 Pro;Int IP: 192.168.134.128;Ping: 26ms;CPU: Disabled;GPU: Disabled;CPU: 7% used;RAM: 67% used;Upload: 631 Bytes;Download: 516 Bytes
16 Aug 2021 - 12:56:13;Windows 10 Pro;Int IP: 192.168.134.128;Ping: 26ms;CPU: Disabled;GPU: Disabled;CPU: 5% used;RAM: 67% used;Upload: 874 Bytes;Download: 579 Bytes
16 Aug 2021 - 12:56:14;Windows 10 Pro;Int IP: 192.168.134.128;Ping: 26ms;CPU: Disabled;GPU: Disabled;CPU: 5% used;RAM: 67% used;Upload: 653 Bytes;Download: 517 Bytes
16 Aug 2021 - 12:56:15;Windows 10 Pro;Int IP: 192.168.134.128;Ping: 27ms;CPU: Disabled;GPU: Disabled;CPU: 4% used;RAM: 67% used;Upload: 657 Bytes;Download: 519 Bytes
16 Aug 2021 - 12:56:16;Windows 10 Pro;Int IP: 192.168.134.128;Ping: 27ms;CPU: Disabled;GPU: Disabled;CPU: 11% used;RAM: 67% used;Upload: 657 Bytes;Download: 519 Bytes
16 Aug 2021 - 12:56:17;Windows 10 Pro;Int IP: 192.168.134.128;Ping: 26ms;CPU: Disabled;GPU: Disabled;CPU: 15% used;RAM: 67% used;Upload: 657 Bytes;Download: 521 Bytes
16 Aug 2021 - 12:56:18;Windows 10 Pro;Int IP: 192.168.134.128;Ping: 31ms;CPU: Disabled;GPU: Disabled;CPU: 15% used;RAM: 67% used;Upload: 655 Bytes;Download: 517 Bytes
16 Aug 2021 - 12:56:19;Windows 10 Pro;Int IP: 192.168.134.128;Ping: 48ms;CPU: Disabled;GPU: Disabled;CPU: 15% used;RAM: 67% used;Upload: 657 Bytes;Download: 443 Bytes
16 Aug 2021 - 12:56:20;Windows 10 Pro;Int IP: 192.168.134.128;Ping: 28ms;CPU: Disabled;GPU: Disabled;CPU: 15% used;RAM: 67% used;Upload: 657 Bytes;Download: 443 Bytes
16 Aug 2021 - 12:56:21;Windows 10 Pro;Int IP: 192.168.134.128;Ping: 29ms;CPU: Disabled;GPU: Disabled;CPU: 18% used;RAM: 68% used;Upload: 719 Bytes;Download: 517 Bytes
16 Aug 2021 - 12:56:22;Windows 10 Pro;Int IP: 192.168.134.128;Ping: 31ms;CPU: Disabled;GPU: Disabled;CPU: 13% used;RAM: 67% used;Upload: 654 Bytes;Download: 517 Bytes
16 Aug 2021 - 12:56:23;Windows 10 Pro;Int IP: 192.168.134.128;Ping: 39ms;CPU: Disabled;GPU: Disabled;CPU: 14% used;RAM: 67% used;Upload: 588 Bytes;Download: 516 Bytes
16 Aug 2021 - 12:56:24;Windows 10 Pro;Int IP: 192.168.134.128;Ping: 65ms;CPU: Disabled;GPU: Disabled;CPU: 7% used;RAM: 67% used;Upload: 834 Bytes;Download: 806 Bytes
16 Aug 2021 - 12:56:25;Windows 10 Pro;Int IP: 192.168.134.128;Ping: 27ms;CPU: Disabled;GPU: Disabled;CPU: 9% used;RAM: 67% used;Upload: 834 Bytes;Download: 806 Bytes
16 Aug 2021 - 12:56:26;Windows 10 Pro;Int IP: 192.168.134.128;Ping: 26ms;CPU: Disabled;GPU: Disabled;CPU: 14% used;RAM: 67% used;Upload: 719 Bytes;Download: 595 Bytes
16 Aug 2021 - 12:56:27;Windows 10 Pro;Int IP: 192.168.134.128;Ping: 29ms;CPU: Disabled;GPU: Disabled;CPU: 13% used;RAM: 67% used;Upload: 656 Bytes;Download: 518 Bytes
16 Aug 2021 - 12:56:28;Windows 10 Pro;Int IP: 192.168.134.128;Ping: 37ms;CPU: Disabled;GPU: Disabled;CPU: 6% used;RAM: 67% used;Upload: 656 Bytes;Download: 518 Bytes
16 Aug 2021 - 12:56:29;Windows 10 Pro;Int IP: 192.168.134.128;Ping: 29ms;CPU: Disabled;GPU: Disabled;CPU: 6% used;RAM: 67% used;Upload: 655 Bytes;Download: 596 Bytes
16 Aug 2021 - 12:56:30;Windows 10 Pro;Int IP: 192.168.134.128;Ping: 26ms;CPU: Disabled;GPU: Disabled;CPU: 18% used;RAM: 67% used;Upload: 655 Bytes;Download: 596 Bytes
16 Aug 2021 - 12:56:31;Windows 10 Pro;Int IP: 192.168.134.128;Ping: 30ms;CPU: Disabled;GPU: Disabled;CPU: 19% used;RAM: 66% used;Upload: 8.65 KB;Download: 1.56 KB
16 Aug 2021 - 12:56:32;Windows 10 Pro;Int IP: 192.168.134.128;Ping: 239ms;CPU: Disabled;GPU: Disabled;CPU: 22% used;RAM: 67% used;Upload: 705 Bytes;Download: 504 Bytes
16 Aug 2021 - 12:56:33;Windows 10 Pro;Int IP: 192.168.134.128;Ping: 29ms;CPU: Disabled;GPU: Disabled;CPU: 23% used;RAM: 67% used;Upload: 705 Bytes;Download: 504 Bytes
16 Aug 2021 - 12:56:34;Windows 10 Pro;Int IP: 192.168.134.128;Ping: 325ms;CPU: Disabled;GPU: Disabled;CPU: 23% used;RAM: 67% used;Upload: 722 Bytes;Download: 596 Bytes
16 Aug 2021 - 12:56:35;Windows 10 Pro;Int IP: 192.168.134.128;Ping: 26ms;CPU: Disabled;GPU: Disabled;CPU: 3% used;RAM: 67% used;Upload: 657 Bytes;Download: 595 Bytes
16 Aug 2021 - 12:56:36;Windows 10 Pro;Int IP: 192.168.134.128;Ping: 26ms;CPU: Disabled;GPU: Disabled;CPU: 4% used;RAM: 67% used;Upload: 657 Bytes;Download: 595 Bytes
16 Aug 2021 - 13:06:21;Windows 10 Pro;Int IP: 192.168.134.128;Ping: 23ms;CPU: Disabled;GPU: Disabled;CPU: ;RAM: 72% used;Upload: ;Download: 
16 Aug 2021 - 13:06:22;Windows 10 Pro;Int IP: 192.168.134.128;Ping: 22ms;CPU: Disabled;GPU: Disabled;CPU: ;RAM: 72% used;Upload: ;Download: 
16 Aug 2021 - 13:06:23;Windows 10 Pro;Int IP: 192.168.134.128;Ping: 22ms;CPU: Disabled;GPU: Disabled;CPU: 7% used;RAM: 72% used;Upload: ;Download: 
16 Aug 2021 - 13:06:24;Windows 10 Pro;Int IP: 192.168.134.128;Ping: 22ms;CPU: Disabled;GPU: Disabled;CPU: 5% used;RAM: 72% used;Upload: 633 Bytes;Download: 519 Bytes
16 Aug 2021 - 13:06:25;Windows 10 Pro;Int IP: 192.168.134.128;Ping: 22ms;CPU: Disabled;GPU: Disabled;CPU: 5% used;RAM: 72% used;Upload: 633 Bytes;Download: 519 Bytes
16 Aug 2021 - 13:06:26;Windows 10 Pro;Int IP: 192.168.134.128;Ping: 22ms;CPU: Disabled;GPU: Disabled;CPU: 11% used;RAM: 72% used;Upload: 653 Bytes;Download: 518 Bytes
16 Aug 2021 - 13:06:27;Windows 10 Pro;Int IP: 192.168.134.128;Ping: 24ms;CPU: Disabled;GPU: Disabled;CPU: 11% used;RAM: 72% used;Upload: 653 Bytes;Download: 516 Bytes
16 Aug 2021 - 13:06:28;Windows 10 Pro;Int IP: 192.168.134.128;Ping: 22ms;CPU: Disabled;GPU: Disabled;CPU: 11% used;RAM: 72% used;Upload: 653 Bytes;Download: 516 Bytes
16 Aug 2021 - 13:06:29;Windows 10 Pro;Int IP: 192.168.134.128;Ping: 22ms;CPU: Disabled;GPU: Disabled;CPU: 11% used;RAM: 72% used;Upload: 654 Bytes;Download: 517 Bytes
16 Aug 2021 - 13:06:30;Windows 10 Pro;Int IP: 192.168.134.128;Ping: 22ms;CPU: Disabled;GPU: Disabled;CPU: 11% used;RAM: 72% used;Upload: 655 Bytes;Download: 518 Bytes
16 Aug 2021 - 13:06:31;Windows 10 Pro;Int IP: 192.168.134.128;Ping: 22ms;CPU: Disabled;GPU: Disabled;CPU: 8% used;RAM: 72% used;Upload: 2.00 KB;Download: 2.24 KB
16 Aug 2021 - 13:06:32;Windows 10 Pro;Int IP: 192.168.134.128;Ping: 35ms;CPU: Disabled;GPU: Disabled;CPU: 8% used;RAM: 72% used;Upload: 5.06 KB;Download: 2.14 KB
16 Aug 2021 - 13:06:33;Windows 10 Pro;Int IP: 192.168.134.128;Ping: 22ms;CPU: Disabled;GPU: Disabled;CPU: 8% used;RAM: 72% used;Upload: 1.41 KB;Download: 1.31 KB
16 Aug 2021 - 13:06:35;Windows 10 Pro;Int IP: 192.168.134.128;Ping thread went in error;CPU: Disabled;GPU: Disabled;CPU: 8% used;RAM: 72% used;Upload: 1.13 KB;Download: 1.05 KB
16 Aug 2021 - 13:06:36;Windows 10 Pro;Int IP: 192.168.134.128;Ping thread went in error;CPU: Disabled;GPU: Disabled;CPU: 8% used;RAM: 72% used;Upload: 54 Bytes;Download: 63 Bytes
16 Aug 2021 - 13:06:37;Windows 10 Pro;Int IP: 192.168.134.128;Ping thread went in error;CPU: Disabled;GPU: Disabled;CPU: 9% used;RAM: 72% used;Upload: 54 Bytes;Download: 63 Bytes
16 Aug 2021 - 13:06:38;Windows 10 Pro;Int IP: 192.168.134.128;Ping thread went in error;CPU: Disabled;GPU: Disabled;CPU: 9% used;RAM: 72% used;Upload: 664 Bytes;Download: 440 Bytes
16 Aug 2021 - 13:06:39;Windows 10 Pro;Int IP: 192.168.134.128;Ping: Failed to Ping;CPU: Disabled;GPU: Disabled;CPU: 9% used;RAM: 72% used;Upload: 599 Bytes;Download: 441 Bytes
16 Aug 2021 - 13:06:39;Windows 10 Pro;Int IP: 192.168.134.128;Ping: 22ms;CPU: Disabled;GPU: Disabled;CPU: 9% used;RAM: 73% used;Upload: 1.51 KB;Download: 1.17 KB
16 Aug 2021 - 13:06:40;Windows 10 Pro;Int IP: 192.168.134.128;Ping: 23ms;CPU: Disabled;GPU: Disabled;CPU: 9% used;RAM: 72% used;Upload: 1.51 KB;Download: 1.17 KB
16 Aug 2021 - 13:06:41;Windows 10 Pro;Int IP: 192.168.134.128;Ping: 22ms;CPU: Disabled;GPU: Disabled;CPU: 24% used;RAM: 72% used;Upload: 704 Bytes;Download: 581 Bytes
16 Aug 2021 - 13:06:42;Windows 10 Pro;Int IP: 192.168.134.128;Ping: 22ms;CPU: Disabled;GPU: Disabled;CPU: 24% used;RAM: 72% used;Upload: 654 Bytes;Download: 517 Bytes
16 Aug 2021 - 13:06:43;Windows 10 Pro;Int IP: 192.168.134.128;Ping: 22ms;CPU: Disabled;GPU: Disabled;CPU: 13% used;RAM: 72% used;Upload: 657 Bytes;Download: 442 Bytes
16 Aug 2021 - 13:06:44;Windows 10 Pro;Int IP: 192.168.134.128;Ping: 29ms;CPU: Disabled;GPU: Disabled;CPU: 13% used;RAM: 72% used;Upload: 649 Bytes;Download: 513 Bytes
16 Aug 2021 - 13:06:45;Windows 10 Pro;Int IP: 192.168.134.128;Ping: 22ms;CPU: Disabled;GPU: Disabled;CPU: 13% used;RAM: 72% used;Upload: 649 Bytes;Download: 513 Bytes
16 Aug 2021 - 13:06:46;Windows 10 Pro;Int IP: 192.168.134.128;Ping: 40ms;CPU: Disabled;GPU: Disabled;CPU: 13% used;RAM: 72% used;Upload: 772 Bytes;Download: 584 Bytes
16 Aug 2021 - 13:06:47;Windows 10 Pro;Int IP: 192.168.134.128;Ping: 22ms;CPU: Disabled;GPU: Disabled;CPU: 9% used;RAM: 72% used;Upload: 653 Bytes;Download: 517 Bytes
16 Aug 2021 - 13:06:48;Windows 10 Pro;Int IP: 192.168.134.128;Ping: 22ms;CPU: Disabled;GPU: Disabled;CPU: 9% used;RAM: 72% used;Upload: 653 Bytes;Download: 517 Bytes
16 Aug 2021 - 13:06:49;Windows 10 Pro;Int IP: 192.168.134.128;Ping: 22ms;CPU: Disabled;GPU: Disabled;CPU: 6% used;RAM: 72% used;Upload: 1.23 KB;Download: 1.44 KB
16 Aug 2021 - 13:06:50;Windows 10 Pro;Int IP: 192.168.134.128;Ping: 22ms;CPU: Disabled;GPU: Disabled;CPU: 6% used;RAM: 72% used;Upload: 1.80 KB;Download: 1.77 KB
16 Aug 2021 - 13:06:51;Windows 10 Pro;Int IP: 192.168.134.128;Ping: 22ms;CPU: Disabled;GPU: Disabled;CPU: 6% used;RAM: 72% used;Upload: 1.80 KB;Download: 1.77 KB
16 Aug 2021 - 13:06:52;Windows 10 Pro;Int IP: 192.168.134.128;Ping: 23ms;CPU: Disabled;GPU: Disabled;CPU: 11% used;RAM: 72% used;Upload: 3.12 KB;Download: 1.94 KB
16 Aug 2021 - 13:06:53;Windows 10 Pro;Int IP: 192.168.134.128;Ping: 22ms;CPU: Disabled;GPU: Disabled;CPU: 11% used;RAM: 72% used;Upload: 3.12 KB;Download: 1.94 KB
16 Aug 2021 - 13:06:54;Windows 10 Pro;Int IP: 192.168.134.128;Ping: 22ms;CPU: Disabled;GPU: Disabled;CPU: 11% used;RAM: 72% used;Upload: 715 Bytes;Download: 517 Bytes
16 Aug 2021 - 13:06:55;Windows 10 Pro;Int IP: 192.168.134.128;Ping: 22ms;CPU: Disabled;GPU: Disabled;CPU: 3% used;RAM: 72% used;Upload: 765 Bytes;Download: 519 Bytes
16 Aug 2021 - 13:06:56;Windows 10 Pro;Int IP: 192.168.134.128;Ping: 22ms;CPU: Disabled;GPU: Disabled;CPU: 3% used;RAM: 72% used;Upload: 765 Bytes;Download: 519 Bytes
16 Aug 2021 - 13:06:57;Windows 10 Pro;Int IP: 192.168.134.128;Ping: 22ms;CPU: Disabled;GPU: Disabled;CPU: 3% used;RAM: 72% used;Upload: 766 Bytes;Download: 520 Bytes
16 Aug 2021 - 13:06:58;Windows 10 Pro;Int IP: 192.168.134.128;Ping: 22ms;CPU: Disabled;GPU: Disabled;CPU: 3% used;RAM: 72% used;Upload: 654 Bytes;Download: 518 Bytes
16 Aug 2021 - 13:06:59;Windows 10 Pro;Int IP: 192.168.134.128;Ping: 22ms;CPU: Disabled;GPU: Disabled;CPU: 3% used;RAM: 72% used;Upload: 654 Bytes;Download: 518 Bytes
16 Aug 2021 - 13:07:00;Windows 10 Pro;Int IP: 192.168.134.128;Ping: 22ms;CPU: Disabled;GPU: Disabled;CPU: 3% used;RAM: 72% used;Upload: 711 Bytes;Download: 512 Bytes
16 Aug 2021 - 13:07:01;Windows 10 Pro;Int IP: 192.168.134.128;Ping: 24ms;CPU: Disabled;GPU: Disabled;CPU: 8% used;RAM: 72% used;Upload: 647 Bytes;Download: 513 Bytes
16 Aug 2021 - 13:07:02;Windows 10 Pro;Int IP: 192.168.134.128;Ping: 22ms;CPU: Disabled;GPU: Disabled;CPU: 8% used;RAM: 72% used;Upload: 647 Bytes;Download: 512 Bytes
16 Aug 2021 - 13:07:04;Windows 10 Pro;Int IP: 192.168.134.128;Ping: 22ms;CPU: Disabled;GPU: Disabled;CPU: 7% used;RAM: 72% used;Upload: 247 Bytes;Download: 77 Bytes
16 Aug 2021 - 13:07:04;Windows 10 Pro;Int IP: 192.168.134.128;Ping: 22ms;CPU: Disabled;GPU: Disabled;CPU: 7% used;RAM: 72% used;Upload: 247 Bytes;Download: 77 Bytes
16 Aug 2021 - 13:07:05;Windows 10 Pro;Int IP: 192.168.134.128;Ping: 22ms;CPU: Disabled;GPU: Disabled;CPU: 7% used;RAM: 72% used;Upload: 1.20 KB;Download: 880 Bytes
16 Aug 2021 - 13:07:06;Windows 10 Pro;Int IP: 192.168.134.128;Ping: 22ms;CPU: Disabled;GPU: Disabled;CPU: 6% used;RAM: 72% used;Upload: 1.20 KB;Download: 880 Bytes
16 Aug 2021 - 13:07:07;Windows 10 Pro;Int IP: 192.168.134.128;Ping: 24ms;CPU: Disabled;GPU: Disabled;CPU: 7% used;RAM: 72% used;Upload: 822 Bytes;Download: 515 Bytes
16 Aug 2021 - 13:07:08;Windows 10 Pro;Int IP: 192.168.134.128;Ping: 22ms;CPU: Disabled;GPU: Disabled;CPU: 4% used;RAM: 72% used;Upload: 767 Bytes;Download: 806 Bytes
16 Aug 2021 - 13:07:09;Windows 10 Pro;Int IP: 192.168.134.128;Ping: 22ms;CPU: Disabled;GPU: Disabled;CPU: 4% used;RAM: 72% used;Upload: 656 Bytes;Download: 519 Bytes
16 Aug 2021 - 13:07:10;Windows 10 Pro;Int IP: 192.168.134.128;Ping: 22ms;CPU: Disabled;GPU: Disabled;CPU: 11% used;RAM: 72% used;Upload: 653 Bytes;Download: 516 Bytes
16 Aug 2021 - 13:07:11;Windows 10 Pro;Int IP: 192.168.134.128;Ping: 22ms;CPU: Disabled;GPU: Disabled;CPU: 22% used;RAM: 72% used;Upload: 709 Bytes;Download: 504 Bytes
16 Aug 2021 - 13:10:05;Windows 10 Pro;Int IP: 192.168.134.128;Ping: 80ms;CPU: Disabled;GPU: Disabled;CPU: ;RAM: 73% used;Upload: ;Download: 
16 Aug 2021 - 13:10:06;Windows 10 Pro;Int IP: 192.168.134.128;Ping: 22ms;CPU: Disabled;GPU: Disabled;CPU: ;RAM: 73% used;Upload: ;Download: 
16 Aug 2021 - 13:10:07;Windows 10 Pro;Int IP: 192.168.134.128;Ping: 22ms;CPU: Disabled;GPU: Disabled;CPU: 7% used;RAM: 73% used;Upload: ;Download: 
16 Aug 2021 - 13:10:08;Windows 10 Pro;Int IP: 192.168.134.128;Ping: 22ms;CPU: Disabled;GPU: Disabled;CPU: 7% used;RAM: 73% used;Upload: 569 Bytes;Download: 519 Bytes
16 Aug 2021 - 13:10:09;Windows 10 Pro;Int IP: 192.168.134.128;Ping: 22ms;CPU: Disabled;GPU: Disabled;CPU: 7% used;RAM: 73% used;Upload: 655 Bytes;Download: 519 Bytes
16 Aug 2021 - 13:10:10;Windows 10 Pro;Int IP: 192.168.134.128;Ping: 22ms;CPU: Disabled;GPU: Disabled;CPU: 7% used;RAM: 74% used;Upload: 655 Bytes;Download: 519 Bytes
16 Aug 2021 - 13:10:11;Windows 10 Pro;Int IP: 192.168.134.128;Ping: 22ms;CPU: Disabled;GPU: Disabled;CPU: 7% used;RAM: 73% used;Upload: 652 Bytes;Download: 516 Bytes
16 Aug 2021 - 13:10:12;Windows 10 Pro;Int IP: 192.168.134.128;Ping: 22ms;CPU: Disabled;GPU: Disabled;CPU: 7% used;RAM: 73% used;Upload: 654 Bytes;Download: 518 Bytes
16 Aug 2021 - 13:10:13;Windows 10 Pro;Int IP: 192.168.134.128;Ping: 22ms;CPU: Disabled;GPU: Disabled;CPU: 7% used;RAM: 74% used;Upload: 826 Bytes;Download: 517 Bytes
16 Aug 2021 - 13:10:14;Windows 10 Pro;Int IP: 192.168.134.128;Ping: 22ms;CPU: Disabled;GPU: Disabled;CPU: 7% used;RAM: 73% used;Upload: 655 Bytes;Download: 518 Bytes
16 Aug 2021 - 13:10:15;Windows 10 Pro;Int IP: 192.168.134.128;Ping: 22ms;CPU: Disabled;GPU: Disabled;CPU: 8% used;RAM: 74% used;Upload: 765 Bytes;Download: 518 Bytes
16 Aug 2021 - 13:10:16;Windows 10 Pro;Int IP: 192.168.134.128;Ping: 22ms;CPU: Disabled;GPU: Disabled;CPU: 11% used;RAM: 73% used;Upload: 981 Bytes;Download: 937 Bytes
16 Aug 2021 - 13:10:17;Windows 10 Pro;Int IP: 192.168.134.128;Ping: 25ms;CPU: Disabled;GPU: Disabled;CPU: 11% used;RAM: 73% used;Upload: 913 Bytes;Download: 933 Bytes
16 Aug 2021 - 13:10:18;Windows 10 Pro;Int IP: 192.168.134.128;Ping: 22ms;CPU: Disabled;GPU: Disabled;CPU: 11% used;RAM: 74% used;Upload: 913 Bytes;Download: 933 Bytes
16 Aug 2021 - 13:10:19;Windows 10 Pro;Int IP: 192.168.134.128;Ping: 22ms;CPU: Disabled;GPU: Disabled;CPU: 6% used;RAM: 74% used;Upload: 722 Bytes;Download: 520 Bytes
16 Aug 2021 - 13:10:20;Windows 10 Pro;Int IP: 192.168.134.128;Ping: 22ms;CPU: Disabled;GPU: Disabled;CPU: 6% used;RAM: 73% used;Upload: 704 Bytes;Download: 578 Bytes
16 Aug 2021 - 13:10:21;Windows 10 Pro;Int IP: 192.168.134.128;Ping: 22ms;CPU: Disabled;GPU: Disabled;CPU: 8% used;RAM: 74% used;Upload: 653 Bytes;Download: 440 Bytes
16 Aug 2021 - 13:10:22;Windows 10 Pro;Int IP: 192.168.134.128;Ping: 22ms;CPU: Disabled;GPU: Disabled;CPU: 8% used;RAM: 73% used;Upload: 656 Bytes;Download: 442 Bytes
16 Aug 2021 - 13:10:23;Windows 10 Pro;Int IP: 192.168.134.128;Ping: 22ms;CPU: Disabled;GPU: Disabled;CPU: 7% used;RAM: 73% used;Upload: 586 Bytes;Download: 438 Bytes
16 Aug 2021 - 13:10:24;Windows 10 Pro;Int IP: 192.168.134.128;Ping: 22ms;CPU: Disabled;GPU: Disabled;CPU: 12% used;RAM: 73% used;Upload: 651 Bytes;Download: 515 Bytes
16 Aug 2021 - 13:10:25;Windows 10 Pro;Int IP: 192.168.134.128;Ping: 22ms;CPU: Disabled;GPU: Disabled;CPU: 0% used;RAM: 74% used;Upload: 651 Bytes;Download: 515 Bytes
16 Aug 2021 - 13:10:26;Windows 10 Pro;Int IP: 192.168.134.128;Ping: 24ms;CPU: Disabled;GPU: Disabled;CPU: 0% used;RAM: 74% used;Upload: 656 Bytes;Download: 442 Bytes
16 Aug 2021 - 13:10:27;Windows 10 Pro;Int IP: 192.168.134.128;Ping: 22ms;CPU: Disabled;GPU: Disabled;CPU: 12% used;RAM: 74% used;Upload: 7.95 KB;Download: 1.79 KB
16 Aug 2021 - 13:10:28;Windows 10 Pro;Int IP: 192.168.134.128;Ping: 22ms;CPU: Disabled;GPU: Disabled;CPU: 9% used;RAM: 74% used;Upload: 7.95 KB;Download: 1.79 KB
16 Aug 2021 - 13:10:29;Windows 10 Pro;Int IP: 192.168.134.128;Ping: 22ms;CPU: Disabled;GPU: Disabled;CPU: 5% used;RAM: 74% used;Upload: 1.03 KB;Download: 828 Bytes
16 Aug 2021 - 13:10:30;Windows 10 Pro;Int IP: 192.168.134.128;Ping: 22ms;CPU: Disabled;GPU: Disabled;CPU: 5% used;RAM: 74% used;Upload: 6.12 KB;Download: 6.29 KB
16 Aug 2021 - 13:10:31;Windows 10 Pro;Int IP: 192.168.134.128;Ping: 22ms;CPU: Disabled;GPU: Disabled;CPU: 5% used;RAM: 74% used;Upload: 649 Bytes;Download: 591 Bytes
16 Aug 2021 - 13:10:32;Windows 10 Pro;Int IP: 192.168.134.128;Ping: 22ms;CPU: Disabled;GPU: Disabled;CPU: 5% used;RAM: 74% used;Upload: 657 Bytes;Download: 521 Bytes
16 Aug 2021 - 13:10:33;Windows 10 Pro;Int IP: 192.168.134.128;Ping: 22ms;CPU: Disabled;GPU: Disabled;CPU: 6% used;RAM: 74% used;Upload: 651 Bytes;Download: 515 Bytes
16 Aug 2021 - 13:10:35;Windows 10 Pro;Int IP: 192.168.134.128;Ping: 319ms;CPU: Disabled;GPU: Disabled;CPU: 6% used;RAM: 74% used;Upload: 649 Bytes;Download: 513 Bytes
16 Aug 2021 - 13:10:35;Windows 10 Pro;Int IP: 192.168.134.128;Ping: 22ms;CPU: Disabled;GPU: Disabled;CPU: 6% used;RAM: 74% used;Upload: 649 Bytes;Download: 513 Bytes
16 Aug 2021 - 13:10:37;Windows 10 Pro;Int IP: 192.168.134.128;Ping: 22ms;CPU: Disabled;GPU: Disabled;CPU: 6% used;RAM: 74% used;Upload: 710 Bytes;Download: 587 Bytes
16 Aug 2021 - 13:10:38;Windows 10 Pro;Int IP: 192.168.134.128;Ping: 22ms;CPU: Disabled;GPU: Disabled;CPU: 6% used;RAM: 74% used;Upload: 650 Bytes;Download: 513 Bytes
16 Aug 2021 - 13:10:39;Windows 10 Pro;Int IP: 192.168.134.128;Ping: 22ms;CPU: Disabled;GPU: Disabled;CPU: 6% used;RAM: 74% used;Upload: 655 Bytes;Download: 519 Bytes
16 Aug 2021 - 13:10:40;Windows 10 Pro;Int IP: 192.168.134.128;Ping: 22ms;CPU: Disabled;GPU: Disabled;CPU: 6% used;RAM: 74% used;Upload: 655 Bytes;Download: 519 Bytes
16 Aug 2021 - 13:10:41;Windows 10 Pro;Int IP: 192.168.134.128;Ping: 26ms;CPU: Disabled;GPU: Disabled;CPU: 6% used;RAM: 74% used;Upload: 1.06 KB;Download: 1.17 KB
16 Aug 2021 - 13:10:42;Windows 10 Pro;Int IP: 192.168.134.128;Ping: 22ms;CPU: Disabled;GPU: Disabled;CPU: 6% used;RAM: 74% used;Upload: 1.06 KB;Download: 1.17 KB
16 Aug 2021 - 13:10:43;Windows 10 Pro;Int IP: 192.168.134.128;Ping: 28ms;CPU: Disabled;GPU: Disabled;CPU: 6% used;RAM: 74% used;Upload: 1.77 KB;Download: 1.82 KB
16 Aug 2021 - 13:10:44;Windows 10 Pro;Int IP: 192.168.134.128;Ping: 38ms;CPU: Disabled;GPU: Disabled;CPU: 7% used;RAM: 74% used;Upload: 2.47 KB;Download: 2.54 KB
16 Aug 2021 - 13:10:45;Windows 10 Pro;Int IP: 192.168.134.128;Ping: 23ms;CPU: Disabled;GPU: Disabled;CPU: 7% used;RAM: 74% used;Upload: 2.47 KB;Download: 2.54 KB
16 Aug 2021 - 13:10:46;Windows 10 Pro;Int IP: 192.168.134.128;Ping: 23ms;CPU: Disabled;GPU: Disabled;CPU: 7% used;RAM: 74% used;Upload: 652 Bytes;Download: 519 Bytes
16 Aug 2021 - 13:10:47;Windows 10 Pro;Int IP: 192.168.134.128;Ping: 22ms;CPU: Disabled;GPU: Disabled;CPU: 14% used;RAM: 74% used;Upload: 655 Bytes;Download: 519 Bytes
16 Aug 2021 - 13:10:48;Windows 10 Pro;Int IP: 192.168.134.128;Ping: 22ms;CPU: Disabled;GPU: Disabled;CPU: 23% used;RAM: 74% used;Upload: 656 Bytes;Download: 518 Bytes
16 Aug 2021 - 13:10:49;Windows 10 Pro;Int IP: 192.168.134.128;Ping: 22ms;CPU: Disabled;GPU: Disabled;CPU: 23% used;RAM: 74% used;Upload: 656 Bytes;Download: 518 Bytes
16 Aug 2021 - 13:10:50;Windows 10 Pro;Int IP: 192.168.134.128;Ping: 22ms;CPU: Disabled;GPU: Disabled;CPU: 23% used;RAM: 74% used;Upload: 644 Bytes;Download: 510 Bytes
16 Aug 2021 - 13:10:51;Windows 10 Pro;Int IP: 192.168.134.128;Ping: 22ms;CPU: Disabled;GPU: Disabled;CPU: 23% used;RAM: 74% used;Upload: 651 Bytes;Download: 515 Bytes
16 Aug 2021 - 13:10:52;Windows 10 Pro;Int IP: 192.168.134.128;Ping: 22ms;CPU: Disabled;GPU: Disabled;CPU: 23% used;RAM: 74% used;Upload: 655 Bytes;Download: 440 Bytes
16 Aug 2021 - 13:10:53;Windows 10 Pro;Int IP: 192.168.134.128;Ping: 23ms;CPU: Disabled;GPU: Disabled;CPU: 25% used;RAM: 74% used;Upload: 654 Bytes;Download: 440 Bytes
16 Aug 2021 - 13:10:54;Windows 10 Pro;Int IP: 192.168.134.128;Ping: 22ms;CPU: Disabled;GPU: Disabled;CPU: 25% used;RAM: 74% used;Upload: 651 Bytes;Download: 590 Bytes
16 Aug 2021 - 13:10:55;Windows 10 Pro;Int IP: 192.168.134.128;Ping: 23ms;CPU: Disabled;GPU: Disabled;CPU: 11% used;RAM: 74% used;Upload: 658 Bytes;Download: 520 Bytes
16 Aug 2021 - 13:10:56;Windows 10 Pro;Int IP: 192.168.134.128;Ping: 24ms;CPU: Disabled;GPU: Disabled;CPU: 11% used;RAM: 74% used;Upload: 658 Bytes;Download: 520 Bytes
16 Aug 2021 - 13:10:57;Windows 10 Pro;Int IP: 192.168.134.128;Ping: 25ms;CPU: Disabled;GPU: Disabled;CPU: 11% used;RAM: 74% used;Upload: 731 Bytes;Download: 535 Bytes
16 Aug 2021 - 13:10:58;Windows 10 Pro;Int IP: 192.168.134.128;Ping: 24ms;CPU: Disabled;GPU: Disabled;CPU: 27% used;RAM: 74% used;Upload: 731 Bytes;Download: 535 Bytes
16 Aug 2021 - 13:10:59;Windows 10 Pro;Int IP: 192.168.134.128;Ping: 24ms;CPU: Disabled;GPU: Disabled;CPU: 12% used;RAM: 74% used;Upload: 8.47 KB;Download: 1.64 KB
16 Aug 2021 - 13:11:00;Windows 10 Pro;Int IP: 192.168.134.128;Ping: 24ms;CPU: Disabled;GPU: Disabled;CPU: 12% used;RAM: 74% used;Upload: 1.06 KB;Download: 1.17 KB
16 Aug 2021 - 13:11:01;Windows 10 Pro;Int IP: 192.168.134.128;Ping: 208ms;CPU: Disabled;GPU: Disabled;CPU: 8% used;RAM: 74% used;Upload: 1.79 KB;Download: 1.76 KB
16 Aug 2021 - 13:11:02;Windows 10 Pro;Int IP: 192.168.134.128;Ping: 35ms;CPU: Disabled;GPU: Disabled;CPU: 11% used;RAM: 74% used;Upload: 653 Bytes;Download: 520 Bytes
16 Aug 2021 - 13:11:03;Windows 10 Pro;Int IP: 192.168.134.128;Ping: 25ms;CPU: Disabled;GPU: Disabled;CPU: 18% used;RAM: 74% used;Upload: 653 Bytes;Download: 520 Bytes
16 Aug 2021 - 13:11:04;Windows 10 Pro;Int IP: 192.168.134.128;Ping: 24ms;CPU: Disabled;GPU: Disabled;CPU: 12% used;RAM: 74% used;Upload: 1.26 KB;Download: 1019 Bytes
